cbo_2002,descricao,familia,descricao_familia,subgrupo,descricao_subgrupo,subgrupo_principal,descricao_subgrupo_principal,grande_grupo,descricao_grande_grupo,indicador_cbo_2002_ativa
123605,Diretor De Tecnologia Da Informação,1236,Diretores de tecnologia da informação,123,Diretores De Áreas De Apoio,12,Dirigentes De Empresas E Organizações (Exceto De Interesse Público),1,"Membros Superiores Do Poder Público, Dirigentes De Organizações De Interesse Público E De Empresas, Gerentes                      ",1
131215,Tecnólogo Em Gestão Hospitalar,1312,"Gestores e especialistas de operações em empresas, secretarias e unidades de serviços de saúde",131,"Diretores E Gerentes Em Empresa De Serviços De Saúde, De Educação, Ou De Serviços Culturais, Sociais Ou Pessoais                  ",13,"Diretores E Gerentes Em Empresa De Serviços De Saúde, Da Educação, Ou De Serviços Culturais, Sociais Ou Pessoais                  ",1,"Membros Superiores Do Poder Público, Dirigentes De Organizações De Interesse Público E De Empresas, Gerentes                      ",1
142120,Tecnólogo Em Gestão Administrativo- Financeira,1421,"Gerentes administrativos, financeiros, de riscos e afins",142,Gerentes De Áreas De Apoio,14,Gerentes,1,"Membros Superiores Do Poder Público, Dirigentes De Organizações De Interesse Público E De Empresas, Gerentes                      ",1
142130,Analista De Riscos,1421,"Gerentes administrativos, financeiros, de riscos e afins",142,Gerentes De Áreas De Apoio,14,Gerentes,1,"Membros Superiores Do Poder Público, Dirigentes De Organizações De Interesse Público E De Empresas, Gerentes                      ",1
142135,Oficial De Proteção De Dados Pessoais (Dpo),1421,"Gerentes administrativos, financeiros, de riscos e afins",142,Gerentes De Áreas De Apoio,14,Gerentes,1,"Membros Superiores Do Poder Público, Dirigentes De Organizações De Interesse Público E De Empresas, Gerentes                      ",1
142330,Analista De Negócios,1423,"Gerentes de comercialização, marketing e comunicação",142,Gerentes De Áreas De Apoio,14,Gerentes,1,"Membros Superiores Do Poder Público, Dirigentes De Organizações De Interesse Público E De Empresas, Gerentes                      ",1
142335,Analista De Pesquisa De Mercado,1423,"Gerentes de comercialização, marketing e comunicação",142,Gerentes De Áreas De Apoio,14,Gerentes,1,"Membros Superiores Do Poder Público, Dirigentes De Organizações De Interesse Público E De Empresas, Gerentes                      ",1
142355,Analista De E-Commerce,1423,"Gerentes de comercialização, marketing e comunicação",142,Gerentes De Áreas De Apoio,14,Gerentes,1,"Membros Superiores Do Poder Público, Dirigentes De Organizações De Interesse Público E De Empresas, Gerentes                      ",1
142505,Gerente De Infraestrutura De Tecnologia Da Informação,1425,Gerentes de tecnologia da informação,142,Gerentes De Áreas De Apoio,14,Gerentes,1,"Membros Superiores Do Poder Público, Dirigentes De Organizações De Interesse Público E De Empresas, Gerentes                      ",1
142510,Gerente De Desenvolvimento De Sistemas,1425,Gerentes de tecnologia da informação,142,Gerentes De Áreas De Apoio,14,Gerentes,1,"Membros Superiores Do Poder Público, Dirigentes De Organizações De Interesse Público E De Empresas, Gerentes                      ",1
142515,Gerente De Operação De Tecnologia Da Informação,1425,Gerentes de tecnologia da informação,142,Gerentes De Áreas De Apoio,14,Gerentes,1,"Membros Superiores Do Poder Público, Dirigentes De Organizações De Interesse Público E De Empresas, Gerentes                      ",1
142520,Gerente De Projetos De Tecnologia Da Informação,1425,Gerentes de tecnologia da informação,142,Gerentes De Áreas De Apoio,14,Gerentes,1,"Membros Superiores Do Poder Público, Dirigentes De Organizações De Interesse Público E De Empresas, Gerentes                      ",1
142525,Gerente De Segurança Da Informação,1425,Gerentes de tecnologia da informação,142,Gerentes De Áreas De Apoio,14,Gerentes,1,"Membros Superiores Do Poder Público, Dirigentes De Organizações De Interesse Público E De Empresas, Gerentes                      ",1
142530,Gerente De Suporte Técnico De Tecnologia Da Informação,1425,Gerentes de tecnologia da informação,142,Gerentes De Áreas De Apoio,14,Gerentes,1,"Membros Superiores Do Poder Público, Dirigentes De Organizações De Interesse Público E De Empresas, Gerentes                      ",1
142535,Tecnólogo Em Gestão Da Tecnologia Da Informação,1425,Gerentes de tecnologia da informação,142,Gerentes De Áreas De Apoio,14,Gerentes,1,"Membros Superiores Do Poder Público, Dirigentes De Organizações De Interesse Público E De Empresas, Gerentes                      ",1
142605,Gerente De Pesquisa E Desenvolvimento (P&D),1426,Gerentes de pesquisa e desenvolvimento e afins,142,Gerentes De Áreas De Apoio,14,Gerentes,1,"Membros Superiores Do Poder Público, Dirigentes De Organizações De Interesse Público E De Empresas, Gerentes                      ",1
142710,Tecnólogo Em Sistemas Biomédicos,1427,Gerentes de manutenção e afins,142,Gerentes De Áreas De Apoio,14,Gerentes,1,"Membros Superiores Do Poder Público, Dirigentes De Organizações De Interesse Público E De Empresas, Gerentes                      ",1
202115,Tecnólogo Em Mecatrônica,2021,"Engenheiros de controle e automação, engenheiros mecatrônicos e afins",202,Profissionais Da Eletromecânica,20,Pesquisadores E Profissionais Policientíficos,2,Profissionais Das Ciências E Das Artes,1
202120,Tecnólogo Em Automação Industrial,2021,"Engenheiros de controle e automação, engenheiros mecatrônicos e afins",202,Profissionais Da Eletromecânica,20,Pesquisadores E Profissionais Policientíficos,2,Profissionais Das Ciências E Das Artes,1
203105,Pesquisador Em Ciências Da Computação E Informática,2031,Pesquisadores das ciências naturais e exatas,203,Pesquisadores,20,Pesquisadores E Profissionais Policientíficos,2,Profissionais Das Ciências E Das Artes,1
203205,Pesquisador De Engenharia Civil,2032,Pesquisadores de engenharia e tecnologia,203,Pesquisadores,20,Pesquisadores E Profissionais Policientíficos,2,Profissionais Das Ciências E Das Artes,1
203210,Pesquisador De Engenharia E Tecnologia (Outras Áreas Da Engenharia),2032,Pesquisadores de engenharia e tecnologia,203,Pesquisadores,20,Pesquisadores E Profissionais Policientíficos,2,Profissionais Das Ciências E Das Artes,1
203215,Pesquisador De Engenharia Elétrica E Eletrônica,2032,Pesquisadores de engenharia e tecnologia,203,Pesquisadores,20,Pesquisadores E Profissionais Policientíficos,2,Profissionais Das Ciências E Das Artes,1
203220,Pesquisador De Engenharia Mecânica,2032,Pesquisadores de engenharia e tecnologia,203,Pesquisadores,20,Pesquisadores E Profissionais Policientíficos,2,Profissionais Das Ciências E Das Artes,1
203225,"Pesquisador De Engenharia Metalúrgica, De Minas E De Materiais",2032,Pesquisadores de engenharia e tecnologia,203,Pesquisadores,20,Pesquisadores E Profissionais Policientíficos,2,Profissionais Das Ciências E Das Artes,1
203230,Pesquisador De Engenharia Química,2032,Pesquisadores de engenharia e tecnologia,203,Pesquisadores,20,Pesquisadores E Profissionais Policientíficos,2,Profissionais Das Ciências E Das Artes,1
211220,Cientista De Dados,2112,Profissionais de estatística e afins,211,"Matemáticos, Estatísticos E Afins                                                                                                 ",21,"Profissionais Das Ciências Exatas, Físicas E Da Engenharia                                                                        ",2,Profissionais Das Ciências E Das Artes,1
212205,Engenheiro De Aplicativos Em Computação,2122,Engenheiros em computação,212,Profissionais Da Informática,21,"Profissionais Das Ciências Exatas, Físicas E Da Engenharia                                                                        ",2,Profissionais Das Ciências E Das Artes,1
212210,Engenheiro De Equipamentos Em Computação,2122,Engenheiros em computação,212,Profissionais Da Informática,21,"Profissionais Das Ciências Exatas, Físicas E Da Engenharia                                                                        ",2,Profissionais Das Ciências E Das Artes,1
212215,Engenheiros De Sistemas Operacionais Em Computação,2122,Engenheiros em computação,212,Profissionais Da Informática,21,"Profissionais Das Ciências Exatas, Físicas E Da Engenharia                                                                        ",2,Profissionais Das Ciências E Das Artes,1
212305,Administrador De Banco De Dados,2123,Administradores de tecnologia da informação,212,Profissionais Da Informática,21,"Profissionais Das Ciências Exatas, Físicas E Da Engenharia                                                                        ",2,Profissionais Das Ciências E Das Artes,1
212310,Administrador De Redes,2123,Administradores de tecnologia da informação,212,Profissionais Da Informática,21,"Profissionais Das Ciências Exatas, Físicas E Da Engenharia                                                                        ",2,Profissionais Das Ciências E Das Artes,1
212315,Administrador De Sistemas Operacionais,2123,Administradores de tecnologia da informação,212,Profissionais Da Informática,21,"Profissionais Das Ciências Exatas, Físicas E Da Engenharia                                                                        ",2,Profissionais Das Ciências E Das Artes,1
212320,Administrador Em Segurança Da Informação,2123,Administradores de tecnologia da informação,212,Profissionais Da Informática,21,"Profissionais Das Ciências Exatas, Físicas E Da Engenharia                                                                        ",2,Profissionais Das Ciências E Das Artes,1
212405,Analista De Desenvolvimento De Sistemas,2124,Analistas de tecnologia da informação,212,Profissionais Da Informática,21,"Profissionais Das Ciências Exatas, Físicas E Da Engenharia                                                                        ",2,Profissionais Das Ciências E Das Artes,1
212410,Analista De Redes E De Comunicação De Dados,2124,Analistas de tecnologia da informação,212,Profissionais Da Informática,21,"Profissionais Das Ciências Exatas, Físicas E Da Engenharia                                                                        ",2,Profissionais Das Ciências E Das Artes,1
212415,Analista De Sistemas De Automação,2124,Analistas de tecnologia da informação,212,Profissionais Da Informática,21,"Profissionais Das Ciências Exatas, Físicas E Da Engenharia                                                                        ",2,Profissionais Das Ciências E Das Artes,1
212420,Analista De Suporte Computacional,2124,Analistas de tecnologia da informação,212,Profissionais Da Informática,21,"Profissionais Das Ciências Exatas, Físicas E Da Engenharia                                                                        ",2,Profissionais Das Ciências E Das Artes,1
212425,Arquiteto De Soluções De Tecnologia Da Informação,2124,Analistas de tecnologia da informação,212,Profissionais Da Informática,21,"Profissionais Das Ciências Exatas, Físicas E Da Engenharia                                                                        ",2,Profissionais Das Ciências E Das Artes,1
212430,Analista De Testes De Tecnologia Da Informação,2124,Analistas de tecnologia da informação,212,Profissionais Da Informática,21,"Profissionais Das Ciências Exatas, Físicas E Da Engenharia                                                                        ",2,Profissionais Das Ciências E Das Artes,1
214325,Engenheiro Eletrônico De Manutenção,2143,"Engenheiros eletricistas, eletrônicos e afins",214,"Engenheiros, Arquitetos E Afins                                                                                                   ",21,"Profissionais Das Ciências Exatas, Físicas E Da Engenharia                                                                        ",2,Profissionais Das Ciências E Das Artes,1
214330,Engenheiro Eletrônico De Projetos,2143,"Engenheiros eletricistas, eletrônicos e afins",214,"Engenheiros, Arquitetos E Afins                                                                                                   ",21,"Profissionais Das Ciências Exatas, Físicas E Da Engenharia                                                                        ",2,Profissionais Das Ciências E Das Artes,1
214335,Engenheiro De Manutenção De Telecomunicações,2143,"Engenheiros eletricistas, eletrônicos e afins",214,"Engenheiros, Arquitetos E Afins                                                                                                   ",21,"Profissionais Das Ciências Exatas, Físicas E Da Engenharia                                                                        ",2,Profissionais Das Ciências E Das Artes,1
214340,Engenheiro De Telecomunicações,2143,"Engenheiros eletricistas, eletrônicos e afins",214,"Engenheiros, Arquitetos E Afins                                                                                                   ",21,"Profissionais Das Ciências Exatas, Físicas E Da Engenharia                                                                        ",2,Profissionais Das Ciências E Das Artes,1
214345,Engenheiro Projetista De Telecomunicações,2143,"Engenheiros eletricistas, eletrônicos e afins",214,"Engenheiros, Arquitetos E Afins                                                                                                   ",21,"Profissionais Das Ciências Exatas, Físicas E Da Engenharia                                                                        ",2,Profissionais Das Ciências E Das Artes,1
214350,Engenheiro De Redes De Comunicação,2143,"Engenheiros eletricistas, eletrônicos e afins",214,"Engenheiros, Arquitetos E Afins                                                                                                   ",21,"Profissionais Das Ciências Exatas, Físicas E Da Engenharia                                                                        ",2,Profissionais Das Ciências E Das Artes,1
214355,Engenheiro De Controle E Automação,2143,"Engenheiros eletricistas, eletrônicos e afins",214,"Engenheiros, Arquitetos E Afins                                                                                                   ",21,"Profissionais Das Ciências Exatas, Físicas E Da Engenharia                                                                        ",2,Profissionais Das Ciências E Das Artes,0
214365,Tecnólogo Em Eletrônica,2143,"Engenheiros eletricistas, eletrônicos e afins",214,"Engenheiros, Arquitetos E Afins                                                                                                   ",21,"Profissionais Das Ciências Exatas, Físicas E Da Engenharia                                                                        ",2,Profissionais Das Ciências E Das Artes,1
214370,Tecnólogo Em Telecomunicações,2143,"Engenheiros eletricistas, eletrônicos e afins",214,"Engenheiros, Arquitetos E Afins                                                                                                   ",21,"Profissionais Das Ciências Exatas, Físicas E Da Engenharia                                                                        ",2,Profissionais Das Ciências E Das Artes,1
214930,Tecnólogo Em Produção Industrial,2149,"Engenheiros de produção, qualidade, segurança e afins",214,"Engenheiros, Arquitetos E Afins                                                                                                   ",21,"Profissionais Das Ciências Exatas, Físicas E Da Engenharia                                                                        ",2,Profissionais Das Ciências E Das Artes,1
233135,Professor De Tecnologia E Cálculo Técnico,2331,Professores do ensino profissional,233,Professores E Instrutores Do Ensino Profissional,23,Profissionais Do Ensino,2,Profissionais Das Ciências E Das Artes,1
234120,Professor De Computação (No Ensino Superior),2341,"Professores de matemática, estatística e informática do ensino superior",234,Professores Do Ensino Superior,23,Profissionais Do Ensino,2,Profissionais Das Ciências E Das Artes,1
242905,Oficial De Inteligência,2429,Profissionais da inteligência,242,Advogados Do Poder Judiciário E Da Segurança Pública,24,Profissionais Das Ciências Jurídicas,2,Profissionais Das Ciências E Das Artes,1
242910,Oficial Técnico De Inteligência,2429,Profissionais da inteligência,242,Advogados Do Poder Judiciário E Da Segurança Pública,24,Profissionais Das Ciências Jurídicas,2,Profissionais Das Ciências E Das Artes,1
252705,Analista De Pcp (Programação E Controle Da Produção),2527,"Profissionais de planejamento, programação e controles logisticos",252,Profissionais De Organização E Administração De Empresas E Afins,25,Profissionais Das Ciências Sociais E Humanas,2,Profissionais Das Ciências E Das Artes,1
253405,Analista De Mídias Sociais,2534,Profissionais de mídias digitais e afins,253,"Profissionais De Relações Públicas, Publicidade, Marketing E Comercialização                                                      ",25,Profissionais Das Ciências Sociais E Humanas,2,Profissionais Das Ciências E Das Artes,1
261215,Analista De Informações (Pesquisador De Informações De Rede),2612,Profissionais da informação,261,Profissionais Da Comunicação E Da Informação,26,"Comunicadores, Artistas E Religiosos                                                                                              ",2,Profissionais Das Ciências E Das Artes,1
262130,Tecnólogo Em Produção Fonográfica,2621,Produtores artísticos e culturais,262,Profissionais De Espetáculos E Das Artes,26,"Comunicadores, Artistas E Religiosos                                                                                              ",2,Profissionais Das Ciências E Das Artes,1
262135,Tecnólogo Em Produção Audiovisual,2621,Produtores artísticos e culturais,262,Profissionais De Espetáculos E Das Artes,26,"Comunicadores, Artistas E Religiosos                                                                                              ",2,Profissionais Das Ciências E Das Artes,1
300105,Técnico Em Mecatrônica - Automação Da Manufatura,3001,Técnicos em mecatrônica,300,Técnicos Mecatrônicos E Eletromecânicos,30,Técnicos Polivalentes,3,Técnicos De Nivel Médio,1
300110,Técnico Em Mecatrônica - Robótica,3001,Técnicos em mecatrônica,300,Técnicos Mecatrônicos E Eletromecânicos,30,Técnicos Polivalentes,3,Técnicos De Nivel Médio,1
313205,Técnico De Manutenção Eletrônica,3132,Técnicos em eletrônica,313,Técnicos Em Eletroeletrônica E Fotônica,31,"Técnicos De Nível Médio Das Ciências Físicas, Químicas, Engenharia E Afins                                                        ",3,Técnicos De Nivel Médio,1
313210,Técnico De Manutenção Eletrônica (Circuitos De Máquinas Com Comando Numérico),3132,Técnicos em eletrônica,313,Técnicos Em Eletroeletrônica E Fotônica,31,"Técnicos De Nível Médio Das Ciências Físicas, Químicas, Engenharia E Afins                                                        ",3,Técnicos De Nivel Médio,1
313220,Técnico Em Manutenção De Equipamentos De Informática,3132,Técnicos em eletrônica,313,Técnicos Em Eletroeletrônica E Fotônica,31,"Técnicos De Nível Médio Das Ciências Físicas, Químicas, Engenharia E Afins                                                        ",3,Técnicos De Nivel Médio,1
313305,Técnico De Comunicação De Dados,3133,Técnicos em telecomunicações,313,Técnicos Em Eletroeletrônica E Fotônica,31,"Técnicos De Nível Médio Das Ciências Físicas, Químicas, Engenharia E Afins                                                        ",3,Técnicos De Nivel Médio,1
313305,Técnico De Comunicação De Dados,3133,Técnicos em telecomunicações,313,Técnicos Em Eletroeletrônica E Fotônica,31,"Técnicos De Nível Médio Das Ciências Físicas, Químicas, Engenharia E Afins                                                        ",3,Técnicos De Nivel Médio,1
313310,Técnico De Rede (Telecomunicações),3133,Técnicos em telecomunicações,313,Técnicos Em Eletroeletrônica E Fotônica,31,"Técnicos De Nível Médio Das Ciências Físicas, Químicas, Engenharia E Afins                                                        ",3,Técnicos De Nivel Médio,1
313315,Técnico De Telecomunicações (Telefonia),3133,Técnicos em telecomunicações,313,Técnicos Em Eletroeletrônica E Fotônica,31,"Técnicos De Nível Médio Das Ciências Físicas, Químicas, Engenharia E Afins                                                        ",3,Técnicos De Nivel Médio,1
313320,Técnico De Transmissão (Telecomunicações),3133,Técnicos em telecomunicações,313,Técnicos Em Eletroeletrônica E Fotônica,31,"Técnicos De Nível Médio Das Ciências Físicas, Químicas, Engenharia E Afins                                                        ",3,Técnicos De Nivel Médio,1
317105,Desenvolvedor Web (Técnico),3171,Técnicos de desenvolvimento de sistemas e aplicações,317,Técnicos Em Informática,31,"Técnicos De Nível Médio Das Ciências Físicas, Químicas, Engenharia E Afins                                                        ",3,Técnicos De Nivel Médio,1
317110,Desenvolvedor De Sistemas De Tecnologia Da Informação (Técnico),3171,Técnicos de desenvolvimento de sistemas e aplicações,317,Técnicos Em Informática,31,"Técnicos De Nível Médio Das Ciências Físicas, Químicas, Engenharia E Afins                                                        ",3,Técnicos De Nivel Médio,1
317115,Programador De Máquinas - Ferramenta Com Comando Numérico,3171,Técnicos de desenvolvimento de sistemas e aplicações,317,Técnicos Em Informática,31,"Técnicos De Nível Médio Das Ciências Físicas, Químicas, Engenharia E Afins                                                        ",3,Técnicos De Nivel Médio,1
317120,Desenvolvedor De Multimídia,3171,Técnicos de desenvolvimento de sistemas e aplicações,317,Técnicos Em Informática,31,"Técnicos De Nível Médio Das Ciências Físicas, Químicas, Engenharia E Afins                                                        ",3,Técnicos De Nivel Médio,1
317205,Operador De Computador,3172,Técnicos de suporte e monitoração ao usuário de tecnologia da informação.,317,Técnicos Em Informática,31,"Técnicos De Nível Médio Das Ciências Físicas, Químicas, Engenharia E Afins                                                        ",3,Técnicos De Nivel Médio,1
317210,Técnico De Suporte Ao Usuário De Tecnologia Da Informação,3172,Técnicos de suporte e monitoração ao usuário de tecnologia da informação.,317,Técnicos Em Informática,31,"Técnicos De Nível Médio Das Ciências Físicas, Químicas, Engenharia E Afins                                                        ",3,Técnicos De Nivel Médio,1
324120,Tecnólogo Em Radiologia,3241,Tecnólogos e técnicos em métodos de diagnósticos e terapêutica,324,Técnicos Em Operação De Equipamentos E Instrumentos De Diagnóstico,32,"Técnicos De Nível Médio Das Ciências Biológicas, Bioquímicas, Da Saúde E Afins                                                    ",3,Técnicos De Nivel Médio,1
324125,Tecnólogo Oftálmico,3241,Tecnólogos e técnicos em métodos de diagnósticos e terapêutica,324,Técnicos Em Operação De Equipamentos E Instrumentos De Diagnóstico,32,"Técnicos De Nível Médio Das Ciências Biológicas, Bioquímicas, Da Saúde E Afins                                                    ",3,Técnicos De Nivel Médio,1
342105,Analista De Transporte Em Comércio Exterior,3421,Especialistas em logística de transportes,342,Técnicos Em Transportes (Logística),34,Técnicos De Nível Médio Em Serviços De Transportes,3,Técnicos De Nivel Médio,1
342125,Tecnólogo Em Logística De Transporte,3421,Especialistas em logística de transportes,342,Técnicos Em Transportes (Logística),34,Técnicos De Nível Médio Em Serviços De Transportes,3,Técnicos De Nivel Médio,1
342215,Analista De Desembaraço Aduaneiro,3422,Despachantes aduaneiros,342,Técnicos Em Transportes (Logística),34,Técnicos De Nível Médio Em Serviços De Transportes,3,Técnicos De Nivel Médio,1
351905,Agente De Inteligência,3519,Técnicos da inteligência,351,Técnicos Das Ciências Administrativas,35,Técnicos De Nivel Médio Nas Ciências Administrativas,3,Técnicos De Nivel Médio,1
351910,Agente Técnico De Inteligência,3519,Técnicos da inteligência,351,Técnicos Das Ciências Administrativas,35,Técnicos De Nivel Médio Nas Ciências Administrativas,3,Técnicos De Nivel Médio,1
354305,Analista De Exportação E Importação,3543,Analistas de comércio exterior,354,Técnicos De Nivel Médio Em Operações Comerciais,35,Técnicos De Nivel Médio Nas Ciências Administrativas,3,Técnicos De Nivel Médio,1
372205,Operador De Rede De Teleprocessamento,3722,Operadores de rede de teleprocessamento e afins,372,"Técnicos Em Operação De Câmara Fotográfica , Cinema E De Televisão                                                                ",37,"Técnicos Em Nivel Médio Dos Serviços Culturais, Das Comunicações E Dos Desportos                                                  ",3,Técnicos De Nivel Médio,1
374155,Analista Musical,3741,Técnicos em áudio,374,"Técnicos Em Operação De Aparelhos De Sonorização, Cenografia E Projeção                                                           ",37,"Técnicos Em Nivel Médio Dos Serviços Culturais, Das Comunicações E Dos Desportos                                                  ",3,Técnicos De Nivel Médio,1
391140,Analista De Manutenção (Equipamentos Aéreos),3911,"Planejadores, programadores e controladores de produção e manutenção",391,Técnicos De Nivel Médio Em Operações Industriais,39,Outros Técnicos De Nível Médio,3,Técnicos De Nivel Médio,1
391145,Analista De Planejamento De Manutenção,3911,"Planejadores, programadores e controladores de produção e manutenção",391,Técnicos De Nivel Médio Em Operações Industriais,39,Outros Técnicos De Nível Médio,3,Técnicos De Nivel Médio,1
395105,Técnico De Apoio Em Pesquisa E Desenvolvimento (Exceto Agropecuário E Florestal),3951,Técnicos de apoio em pesquisa e desenvolvimento,395,Técnicos De Apoio Em Pesquisa E Desenvolvimento,39,Outros Técnicos De Nível Médio,3,Técnicos De Nivel Médio,1
395110,Técnico De Apoio Em Pesquisa E Desenvolvimento Agropecuário Florestal,3951,Técnicos de apoio em pesquisa e desenvolvimento,395,Técnicos De Apoio Em Pesquisa E Desenvolvimento,39,Outros Técnicos De Nível Médio,3,Técnicos De Nivel Médio,1
413105,Analista De Folha De Pagamento,4131,Auxiliares de contabilidade,413,Escriturários Contábeis E De Finanças,41,Escriturários,4,Trabalhadores De Serviços Administrativos,1
415115,Codificador De Dados,4151,"Auxiliares de serviços de documentação, informação e pesquisa",415,"Auxiliares De Serviços De Biblioteca, Documentação E Correios                                                                     ",41,Escriturários,4,Trabalhadores De Serviços Administrativos,1
415310,Analista De Informação Em Saúde,4153,Trabalhadores em registros e informações em saúde,415,"Auxiliares De Serviços De Biblioteca, Documentação E Correios                                                                     ",41,Escriturários,4,Trabalhadores De Serviços Administrativos,1
731110,Montador De Equipamentos Eletrônicos (Computadores E Equipamentos Auxiliares),7311,Montadores de equipamentos eletroeletrônicos,731,Montadores E Instaladores De Equipamentos Eletroeletrônicos Em Geral,73,Trabalhadores Da Fabricação E Instalação Eletroeletrônica,7,Trabalhadores Da Produção De Bens E Serviços Industriais,1
731320,Instalador-Reparador De Linhas E Aparelhos De Telecomunicações,7313,Instaladores-reparadores de  linhas e equipamentos de telecomunicações,731,Montadores E Instaladores De Equipamentos Eletroeletrônicos Em Geral,73,Trabalhadores Da Fabricação E Instalação Eletroeletrônica,7,Trabalhadores Da Produção De Bens E Serviços Industriais,1
732105,"Eletricista De Manutenção De Linhas Elétricas, Telefônicas E De Comunicação De Dados",7321,"Instaladores e reparadores de linhas e cabos elétricos, telefônicos e de comunicação de dados",732,Instaladores E Reparadores De Linhas E Cabos Elétricos E De Comunicações,73,Trabalhadores Da Fabricação E Instalação Eletroeletrônica,7,Trabalhadores Da Produção De Bens E Serviços Industriais,1
732130,Instalador-Reparador De Redes Telefônicas E De Comunicação De Dados,7321,"Instaladores e reparadores de linhas e cabos elétricos, telefônicos e de comunicação de dados",732,Instaladores E Reparadores De Linhas E Cabos Elétricos E De Comunicações,73,Trabalhadores Da Fabricação E Instalação Eletroeletrônica,7,Trabalhadores Da Produção De Bens E Serviços Industriais,1
766155,Programador Visual Gráfico,7661,Trabalhadores da pré-impressão gráfica,766,Trabalhadores Da Produção Gráfica,76,"Trabalhadores Nas Indústrias Têxtil, Do Curtimento, Do Vestúario E Das Artes Gráficas                                             ",7,Trabalhadores Da Produção De Bens E Serviços Industriais,1